Angle of attack,Span,Root Chord,Tip Chord,Camber,Camber_Loc,Thickness,CL,CD,L/D
0,2,1,0.2,0,0.3,0.09,-0.058357652945,0.017049030366,-3.422930905289467
0,2,1,0.2,0,0.3,0.12,-0.058350302068,0.017049004414,-3.4225049540186014
0,2,1,0.2,0,0.3,0.15,-0.058301485787,0.017048958587,-3.4196508537158077
0,2,1,0.2,0,0.4,0.09,-0.058357648627,0.017049030358,-3.42293065362609
0,2,1,0.2,0,0.4,0.12,-0.058350299285,0.017049004418000002,-3.422504789980282
0,2,1,0.2,0,0.4,0.15,-0.058301453923,0.017048958566,-3.419648988957488
0,2,1,0.2,0,0.5,0.09,-0.058357627784,0.01704903035,-3.422929432699379
0,2,1,0.2,0,0.5,0.12,-0.05835031619,0.017049004427,-3.4225057797270755
0,2,1,0.2,0,0.5,0.15,-0.058301470064,0.017048958577999998,-3.4196499332945947
0,2,1,0.2,0.02,0.3,0.09,0.231402021754,0.018369729266,12.596920640648486
0,2,1,0.2,0.02,0.3,0.12,0.232685095015,0.018389576265999998,12.653097148584404
0,2,1,0.2,0.02,0.3,0.15,0.234491875718,0.018416294458,12.732847872995277
0,2,1,0.2,0.02,0.4,0.09,0.251472075948,0.018631566739,13.497097666060105
0,2,1,0.2,0.02,0.4,0.12,0.252584554863,0.01864856119,13.54445269474433
0,2,1,0.2,0.02,0.4,0.15,0.254063173057,0.018671406924,13.60707171618815
0,2,1,0.2,0.02,0.5,0.09,0.277956361179,0.019002633372,14.627254851349347
0,2,1,0.2,0.02,0.5,0.12,0.278730665113,0.019016161370000003,14.65756730234352
0,2,1,0.2,0.02,0.5,0.15,0.279800944727,0.019037112462,14.697656763099497
0,2,1,0.2,0.04,0.3,0.09,0.519517758998,0.023737657519,21.885805647931758
0,2,1,0.2,0.04,0.3,0.12,0.522068192465,0.02381989884,21.917313586080706
0,2,1,0.2,0.04,0.3,0.15,0.525391988145,0.02393663233,21.94928596895903
0,2,1,0.2,0.04,0.4,0.09,0.559606590281,0.024856483587000003,22.513505915763385
0,2,1,0.2,0.04,0.4,0.12,0.561702583282,0.024936748762,22.525092931840156
0,2,1,0.2,0.04,0.4,0.15,0.563915365669,0.025023132472999997,22.53576231023297
0,2,1,0.2,0.04,0.5,0.09,0.611997403017,0.026432753758999998,23.152994523267296
0,2,1,0.2,0.04,0.5,0.12,0.613643235849,0.026491635947,23.163659544343506
0,2,1,0.2,0.04,0.5,0.15,0.615559107619,0.026567853222,23.16932054974148
0,2,1,0.2,0.06,0.3,0.09,0.804770578124,0.033045728855,24.35324037352058
0,2,1,0.2,0.06,0.3,0.12,0.808387710751,0.033263209587,24.302757334245218
0,2,1,0.2,0.06,0.3,0.15,0.813147543781,0.033516275804,24.261273792357173
0,2,1,0.2,0.06,0.4,0.09,0.862403143145,0.0356119262,24.21669466295255
0,2,1,0.2,0.06,0.4,0.12,0.866741679302,0.035737704311,24.252863915358393
0,2,1,0.2,0.06,0.4,0.15,0.869645171647,0.035986103751000004,24.16613862018429
0,2,1,0.2,0.06,0.5,0.09,0.941017670727,0.039154137411999995,24.033671354450426
0,2,1,0.2,0.06,0.5,0.12,0.943915701517,0.039279308375,24.0308635912177
0,2,1,0.2,0.06,0.5,0.15,0.946386651969,0.039517415306999995,23.948596956981646
0,6,1.5,0.6,0,0.3,0.09,-0.104356869239,0.015790735748,-6.608740143866791
0,6,1.5,0.6,0,0.3,0.12,-0.104359767906,0.015790750438,-6.608917563212267
0,6,1.5,0.6,0,0.3,0.15,-0.104351221416,0.015790704998,-6.6083953458200115
0,6,1.5,0.6,0,0.4,0.09,-0.104356859135,0.01579073575,-6.608739503160896
0,6,1.5,0.6,0,0.4,0.12,-0.104359774778,0.015790750449,-6.608917993799904
0,6,1.5,0.6,0,0.4,0.15,-0.104351173975,0.015790704946,-6.608392363219577
0,6,1.5,0.6,0,0.5,0.09,-0.104356897559,0.015790735786,-6.6087419214196705
0,6,1.5,0.6,0,0.5,0.12,-0.104359749215,0.015790750421,-6.608916386659671
0,6,1.5,0.6,0,0.5,0.15,-0.104351214076,0.015790704979,-6.608394888941076
0,6,1.5,0.6,0.02,0.3,0.09,0.233928187034,0.016392286152,14.270626126512486
0,6,1.5,0.6,0.02,0.3,0.12,0.23563233735,0.016404036523,14.364289973362428
0,6,1.5,0.6,0.02,0.3,0.15,0.23771988426,0.016418921679,14.478410270026842
0,6,1.5,0.6,0.02,0.4,0.09,0.257410792135,0.016575677788,15.52942784163874
0,6,1.5,0.6,0.02,0.4,0.12,0.258569246923,0.016588121108000002,15.587615091518655
0,6,1.5,0.6,0.02,0.4,0.15,0.260248311638,0.016603136827,15.674647167563212
0,6,1.5,0.6,0.02,0.5,0.09,0.289060456638,0.016831943256,17.173326468704676
0,6,1.5,0.6,0.02,0.5,0.12,0.289873835454,0.016843036957,17.21030691757331
0,6,1.5,0.6,0.02,0.5,0.15,0.291016104444,0.016857618243,17.26318037631694
0,6,1.5,0.6,0.04,0.3,0.09,0.572158740182,0.020419327103000002,28.020450296716124
0,6,1.5,0.6,0.04,0.3,0.12,0.575215042893,0.020491085641000002,28.07147717649812
0,6,1.5,0.6,0.04,0.3,0.15,0.579245246659,0.020568253686,28.16210143563473
0,6,1.5,0.6,0.04,0.4,0.09,0.618386145328,0.021279421264000002,29.06028964115534
0,6,1.5,0.6,0.04,0.4,0.12,0.620837311378,0.021343973264,29.087241803527775
0,6,1.5,0.6,0.04,0.4,0.15,0.623906726298,0.021419213881,29.12836716437287
0,6,1.5,0.6,0.04,0.5,0.09,0.680275882282,0.023300577410000002,29.19566628379103
0,6,1.5,0.6,0.04,0.5,0.12,0.682410286646,0.023322483706,29.259760463266673
0,6,1.5,0.6,0.04,0.5,0.15,0.684435695342,0.022594039998,30.292753991875095
0,6,1.5,0.6,0.06,0.3,0.09,0.906973100729,0.029094239863999997,31.173631102534863
0,6,1.5,0.6,0.06,0.3,0.12,0.9113938232,0.029234079266,31.17573209360402
0,6,1.5,0.6,0.06,0.3,0.15,0.917591972166,0.029404612928,31.205715049295545
0,6,1.5,0.6,0.06,0.4,0.09,0.975875158567,0.03140112969,31.07770861115793
0,6,1.5,0.6,0.06,0.4,0.12,0.979808773426,0.031465097197,31.139543834602193
0,6,1.5,0.6,0.06,0.4,0.15,0.985690226518,0.031567753465,31.22459213357899
0,6,1.5,0.6,0.06,0.5,0.09,1.068496769196,0.034571758303,30.90663656245913
0,6,1.5,0.6,0.06,0.5,0.12,1.071122861259,0.034612735925,30.945917236359005
0,6,1.5,0.6,0.06,0.5,0.15,1.074234220074,0.034765432241,30.899492709517386
0,8,2,1.0,0,0.3,0.09,-0.117006806957,0.015023567331,-7.78821729747004
0,8,2,1.0,0,0.3,0.12,-0.117003429739,0.01502351587,-7.7880191794945
0,8,2,1.0,0,0.3,0.15,-0.11699760539,0.015023443665999999,-7.787668925386311
0,8,2,1.0,0,0.4,0.09,-0.117006770454,0.015023567281,-7.78821489367416
0,8,2,1.0,0,0.4,0.12,-0.117003402468,0.015023515889999998,-7.788017353905832
0,8,2,1.0,0,0.4,0.15,-0.116997603658,0.015023443664,-7.7876688111365615
0,8,2,1.0,0,0.5,0.09,-0.117006774187,0.015023567284999999,-7.788215140076834
0,8,2,1.0,0,0.5,0.12,-0.117003409548,0.015023515857,-7.788017842273843
0,8,2,1.0,0,0.5,0.15,-0.116997600328,0.015023443643,-7.7876686003687094
0,8,2,1.0,0.02,0.3,0.09,0.216958553227,0.015424773576999999,14.065590794182457
0,8,2,1.0,0.02,0.3,0.12,0.218478811467,0.015439151828999999,14.150959449509537
0,8,2,1.0,0.02,0.3,0.15,0.220462178276,0.015456377674,14.263508755149742
0,8,2,1.0,0.02,0.4,0.09,0.240419358917,0.015598523357999999,15.412956303565515
0,8,2,1.0,0.02,0.4,0.12,0.241597101695,0.01560973218,15.477338042003487
0,8,2,1.0,0.02,0.4,0.15,0.243281720787,0.015626195488,15.568838939319942
0,8,2,1.0,0.02,0.5,0.09,0.271788660534,0.015851556529,17.14586577266213
0,8,2,1.0,0.02,0.5,0.12,0.272491261722,0.015862418663,17.178418216737747
0,8,2,1.0,0.02,0.5,0.15,0.273648689609,0.015873281816,17.23957860643328
0,8,2,1.0,0.04,0.3,0.09,0.550238291636,0.019957726704,27.570188719225186
0,8,2,1.0,0.04,0.3,0.12,0.553135899024,0.020023440533000002,27.624418396648373
0,8,2,1.0,0.04,0.3,0.15,0.55760473227,0.020090481345,27.754672608119133
0,8,2,1.0,0.04,0.4,0.09,0.596785905412,0.020881369269,28.579826242428204
0,8,2,1.0,0.04,0.4,0.12,0.599110586507,0.020939748709999997,28.61116409772809
0,8,2,1.0,0.04,0.4,0.15,0.602145240917,0.021011077123,28.658466074442956
0,8,2,1.0,0.04,0.5,0.09,0.658058610577,0.022324746213,29.47664463006543
0,8,2,1.0,0.04,0.5,0.12,0.659991996598,0.022334814975999998,29.54992003771682
0,8,2,1.0,0.04,0.5,0.15,0.662301617627,0.022386001938,29.58552489458826
0,8,2,1.0,0.06,0.3,0.09,0.882266823107,0.028166569739,31.323190267127046
0,8,2,1.0,0.06,0.3,0.12,0.886710977503,0.028252235674,31.38551538839892
0,8,2,1.0,0.06,0.3,0.15,0.892910070716,0.028406364452,31.43345119805126
0,8,2,1.0,0.06,0.4,0.09,0.9511864002,0.030413837285000002,31.27479085544795
0,8,2,1.0,0.06,0.4,0.12,0.954489687081,0.030553970820999997,31.239464509305982
0,8,2,1.0,0.06,0.4,0.15,0.958891263666,0.030707199515000002,31.226920032144125
0,8,2,1.0,0.06,0.5,0.09,1.041609907975,0.033633634445,30.96929383823539
0,8,2,1.0,0.06,0.5,0.12,1.043720307944,0.033768085132,30.90848367220351
0,8,2,1.0,0.06,0.5,0.15,1.047649551164,0.033799191541,30.996290248337807
0,12,2.5,1.4,0,0.3,0.09,-0.128311970147,0.014465045751,-8.870484916242281
0,12,2.5,1.4,0,0.3,0.12,-0.128310613462,0.014465004924,-8.870416162051216
0,12,2.5,1.4,0,0.3,0.15,-0.128305273455,0.014464918738,-8.870099844939759
0,12,2.5,1.4,0,0.4,0.09,-0.128311967371,0.014465045752,-8.870484723718143
0,12,2.5,1.4,0,0.4,0.12,-0.128310615471,0.014465004921,-8.870416302777835
0,12,2.5,1.4,0,0.4,0.15,-0.128305273701,0.014464918754,-8.870099852134988
0,12,2.5,1.4,0,0.5,0.09,-0.128311972471,0.014465045753999999,-8.870485075065737
0,12,2.5,1.4,0,0.5,0.12,-0.128310626852,0.014465004934,-8.870417081601254
0,12,2.5,1.4,0,0.5,0.15,-0.12830526481,0.014464918747999999,-8.870099241154758
0,12,2.5,1.4,0.02,0.3,0.09,0.21420691682,0.014715941108,14.556114029537065
0,12,2.5,1.4,0.02,0.3,0.12,0.21580842572,0.014727092498,14.653837867135532
0,12,2.5,1.4,0.02,0.3,0.15,0.217915527247,0.01474247647,14.781473634395429
0,12,2.5,1.4,0.02,0.4,0.09,0.238064758071,0.014864682562000001,16.015461956758333
0,12,2.5,1.4,0.02,0.4,0.12,0.239347532585,0.01487462035,16.09100111150064
0,12,2.5,1.4,0.02,0.4,0.15,0.240915996827,0.014888899539000001,16.180913585718294
0,12,2.5,1.4,0.02,0.5,0.09,0.269963069419,0.015086928896000001,17.8938385194203
0,12,2.5,1.4,0.02,0.5,0.12,0.271060003387,0.01508735252,17.966041625108126
0,12,2.5,1.4,0.02,0.5,0.15,0.272149566077,0.015102870627,18.019724382096438
0,12,2.5,1.4,0.04,0.3,0.09,0.556993499891,0.018828137749,29.583037224198293
0,12,2.5,1.4,0.04,0.3,0.12,0.56000141858,0.018889364716,29.64638710722006
0,12,2.5,1.4,0.04,0.3,0.15,0.563872879887,0.018955751204,29.746796833248833
0,12,2.5,1.4,0.04,0.4,0.09,0.603504617716,0.019684766269000002,30.658459921183425
0,12,2.5,1.4,0.04,0.4,0.12,0.606703416575,0.019675070402,30.8361497152929
0,12,2.5,1.4,0.04,0.4,0.15,0.60982659625,0.019746693463,30.882466342663967
0,12,2.5,1.4,0.04,0.5,0.09,0.6663839237,0.020953955696,31.802297063518616
0,12,2.5,1.4,0.04,0.5,0.12,0.6681114172,0.020997720498,31.81828319238922
0,12,2.5,1.4,0.04,0.5,0.15,0.670486259348,0.021060620019,31.836017113604235
0,12,2.5,1.4,0.06,0.3,0.09,0.89677874545,0.026397911342,33.97157956293283
0,12,2.5,1.4,0.06,0.3,0.12,0.901314352858,0.026492911897,34.02096214874979
0,12,2.5,1.4,0.06,0.3,0.15,0.907044328437,0.026687058731,33.988171479660544
0,12,2.5,1.4,0.06,0.4,0.09,0.967346001813,0.028613171968999998,33.807716350394124
0,12,2.5,1.4,0.06,0.4,0.12,0.970785179219,0.028735608971,33.78335152732337
0,12,2.5,1.4,0.06,0.4,0.15,0.975524254224,0.028863937102999997,33.79733855235598
0,12,2.5,1.4,0.06,0.5,0.09,1.059455454461,0.031523836453,33.60807483063109
0,12,2.5,1.4,0.06,0.5,0.12,1.062001657196,0.031582617864000004,33.626144031794816
0,12,2.5,1.4,0.06,0.5,0.15,1.065386826423,0.031714506301,33.59304465633151
0,16,3,1.8,0,0.3,0.09,-0.135228996129,0.014037761383,-9.6332308577894
0,16,3,1.8,0,0.3,0.12,-0.135228264082,0.014037697866000001,-9.633222297049828
0,16,3,1.8,0,0.3,0.15,-0.135222851623,0.014037574188,-9.632921601126428
0,16,3,1.8,0,0.4,0.09,-0.135229005095,0.014037761389,-9.633231492377805
0,16,3,1.8,0,0.4,0.12,-0.135228260262,0.014037697859,-9.633222029729113
0,16,3,1.8,0,0.4,0.15,-0.135222855267,0.014037574193999999,-9.632921856598097
0,16,3,1.8,0,0.5,0.09,-0.13522900271,0.014037761388000001,-9.633231323165155
0,16,3,1.8,0,0.5,0.12,-0.135228261567,0.014037697862000001,-9.633222120634354
0,16,3,1.8,0,0.5,0.15,-0.135222860684,0.014037574196,-9.632922241118532
0,16,3,1.8,0.02,0.3,0.09,0.211618133954,0.014200382225,14.902284361152116
0,16,3,1.8,0.02,0.3,0.12,0.213175715064,0.014211948563,14.999752786819878
0,16,3,1.8,0.02,0.3,0.15,0.215190440656,0.01422415355,15.128523458325574
0,16,3,1.8,0.02,0.4,0.09,0.235621963579,0.014336155526,16.43550554063653
0,16,3,1.8,0.02,0.4,0.12,0.236869541028,0.014345464329,16.511807188363893
0,16,3,1.8,0.02,0.4,0.15,0.238480364954,0.014359079441,16.608332444561757
0,16,3,1.8,0.02,0.5,0.09,0.267784807801,0.014707867946,18.206908627693224
0,16,3,1.8,0.02,0.5,0.12,0.268651836603,0.014714996059999999,18.257010433953187
0,16,3,1.8,0.02,0.5,0.15,0.269824016979,0.014724192724000001,18.32521633183969
0,16,3,1.8,0.04,0.3,0.09,0.55801478316,0.018093864782,30.839999628775825
0,16,3,1.8,0.04,0.3,0.12,0.56143674941,0.018115915993,30.9913531077832
0,16,3,1.8,0.04,0.3,0.15,0.56561496532,0.018193244988,31.089284275184085
0,16,3,1.8,0.04,0.4,0.09,0.605333362723,0.018924147970999998,31.987350957656492
0,16,3,1.8,0.04,0.4,0.12,0.607568778532,0.018950975706,32.06002624654518
0,16,3,1.8,0.04,0.4,0.15,0.610903955191,0.019008430102,32.1385801937806
0,16,3,1.8,0.04,0.5,0.09,0.66926695418,0.02006635472,33.352692281122
0,16,3,1.8,0.04,0.5,0.12,0.671283567129,0.020126932208,33.3525030139556
0,16,3,1.8,0.04,0.5,0.15,0.673621917752,0.020183126791,33.37549849076801
0,16,3,1.8,0.06,0.3,0.09,0.901318512469,0.025342360895999998,35.56568846003857
0,16,3,1.8,0.06,0.3,0.12,0.905439545416,0.02548017281,35.53506297495162
0,16,3,1.8,0.06,0.3,0.15,0.913450488494,0.025617449357999998,35.65735509920082
0,16,3,1.8,0.06,0.4,0.09,0.972354662968,0.027369445506,35.52701360920293
0,16,3,1.8,0.06,0.4,0.12,0.977098293341,0.027499555429,35.53142143929311
0,16,3,1.8,0.06,0.4,0.15,0.981772463047,0.027666735158,35.48566382843025
0,16,3,1.8,0.06,0.5,0.09,1.066596836379,0.0301343361,35.394734857921755
0,16,3,1.8,0.06,0.5,0.12,1.06956599525,0.030221160439,35.391294699251176
0,16,3,1.8,0.06,0.5,0.15,1.072978375791,0.030351279784999997,35.35199778696911
4,2,1,0.2,0,0.3,0.09,0.573523078921,0.025441381426,22.542922073204874
4,2,1,0.2,0,0.3,0.12,0.573489627062,0.025445088616,22.538323042089424
4,2,1,0.2,0,0.3,0.15,0.573452682847,0.025449638171,22.532842274372783
4,2,1,0.2,0,0.4,0.09,0.573522374312,0.025441378607000003,22.542896875651216
4,2,1,0.2,0,0.4,0.12,0.573489157326,0.025445086956,22.53830605168241
4,2,1,0.2,0,0.4,0.15,0.573452845317,0.025449638674,22.532848213002495
4,2,1,0.2,0,0.5,0.09,0.573522555879,0.025441379675,22.54290306600678
4,2,1,0.2,0,0.5,0.12,0.573489379156,0.025445087769,22.538314049546635
4,2,1,0.2,0,0.5,0.15,0.573452845534,0.025449638695999997,22.532848202050562
4,2,1,0.2,0.02,0.3,0.09,0.858934947648,0.036726946972,23.387050067157432
4,2,1,0.2,0.02,0.3,0.12,0.860838091286,0.036801449036,23.391418377138056
4,2,1,0.2,0.02,0.3,0.15,0.861081718288,0.036876115262,23.350662404923252
4,2,1,0.2,0.02,0.4,0.09,0.878965852602,0.037708587492,23.30943456284263
4,2,1,0.2,0.02,0.4,0.12,0.880009632762,0.037725854449,23.326433439742182
4,2,1,0.2,0.02,0.4,0.15,0.881752830905,0.037814301966,23.31797190644458
4,2,1,0.2,0.02,0.5,0.09,0.905736292353,0.038993306628999996,23.227993998318375
4,2,1,0.2,0.02,0.5,0.12,0.906287213979,0.039031117576,23.21960707925695
4,2,1,0.2,0.02,0.5,0.15,0.907287637811,0.039081666491,23.2151727209467
4,2,1,0.2,0.04,0.3,0.09,1.147324955843,0.052061832126999996,22.03773684038256
4,2,1,0.2,0.04,0.3,0.12,1.148730116536,0.052229816891,21.993761129458292
4,2,1,0.2,0.04,0.3,0.15,1.15180589985,0.052546254086,21.9198479489117
4,2,1,0.2,0.04,0.4,0.09,1.186220336213,0.05462343099,21.716327859928153
4,2,1,0.2,0.04,0.4,0.12,1.188363932609,0.054770755308000005,21.697052120722233
4,2,1,0.2,0.04,0.4,0.15,1.190584308967,0.055050556261,21.62710769573926
4,2,1,0.2,0.04,0.5,0.09,1.239839296348,0.058063288705,21.353239267021294
4,2,1,0.2,0.04,0.5,0.12,1.239971210654,0.058200777829,21.3050625250605
4,2,1,0.2,0.04,0.5,0.15,1.243028040855,0.05836179539400001,21.298660064573543
4,2,1,0.2,0.06,0.3,0.09,1.430314837228,0.071445892338,20.019553125061282
4,2,1,0.2,0.06,0.3,0.12,1.433513391313,0.071760464378,19.976367262089237
4,2,1,0.2,0.06,0.3,0.15,1.439619682218,0.07216159848199999,19.94994169339388
4,2,1,0.2,0.06,0.4,0.09,1.490125294855,0.075911215652,19.629843654278776
4,2,1,0.2,0.06,0.4,0.12,1.492209456037,0.076386014398,19.53511343401195
4,2,1,0.2,0.06,0.4,0.15,1.496533607218,0.07658132844,19.541755643355096
4,2,1,0.2,0.06,0.5,0.09,1.567343379065,0.08224565917400001,19.05685229841866
4,2,1,0.2,0.06,0.5,0.12,1.569533059523,0.08259806097,19.002056962245902
4,2,1,0.2,0.06,0.5,0.15,1.572181145541,0.082845470506,18.977273421691006
4,6,1.5,0.6,0,0.3,0.09,0.629723971502,0.021859377605,28.807955234643103
4,6,1.5,0.6,0,0.3,0.12,0.629689272844,0.021861963974,28.80295995331787
4,6,1.5,0.6,0,0.3,0.15,0.629798267127,0.021865393529,28.803427036046738
4,6,1.5,0.6,0,0.4,0.09,0.629723871744,0.021859377245999997,28.807951144135725
4,6,1.5,0.6,0,0.4,0.12,0.629688982375,0.021861962846,28.802948152947383
4,6,1.5,0.6,0,0.4,0.15,0.62979832562,0.021865393854999998,28.80342928174527
4,6,1.5,0.6,0,0.5,0.09,0.629724112556,0.021859377968,28.807961209045143
4,6,1.5,0.6,0,0.5,0.12,0.629689217388,0.021861963786,28.802957664363227
4,6,1.5,0.6,0,0.5,0.15,0.629798457269,0.021865394229000003,28.803434809956467
4,6,1.5,0.6,0.02,0.3,0.09,0.966643070573,0.030682117852,31.505096070478388
4,6,1.5,0.6,0.02,0.3,0.12,0.968083167044,0.030727852608,31.50507064043777
4,6,1.5,0.6,0.02,0.3,0.15,0.969928018312,0.030796094583,31.495162988862162
4,6,1.5,0.6,0.02,0.4,0.09,0.988002320212,0.03139133711,31.47372527490276
4,6,1.5,0.6,0.02,0.4,0.12,0.989023194989,0.031422965516000004,31.47453395146322
4,6,1.5,0.6,0.02,0.4,0.15,0.990981516514,0.031475761956,31.483956382034346
4,6,1.5,0.6,0.02,0.5,0.09,1.020786393453,0.032428617778000005,31.477949521040475
4,6,1.5,0.6,0.02,0.5,0.12,1.021463718056,0.032477931429999995,31.451009133927474
4,6,1.5,0.6,0.02,0.5,0.15,1.022679822582,0.032515259652,31.452303734535775
4,6,1.5,0.6,0.04,0.3,0.09,1.301709974322,0.043663052031,29.812619910257503
4,6,1.5,0.6,0.04,0.3,0.12,1.305419785247,0.043824593647999996,29.78737910799944
4,6,1.5,0.6,0.04,0.3,0.15,1.309379004247,0.04402651572,29.740691100208643
4,6,1.5,0.6,0.04,0.4,0.09,1.34961346081,0.045882627446,29.414476370133375
4,6,1.5,0.6,0.04,0.4,0.12,1.351588795733,0.045855247503999996,29.475117228733737
4,6,1.5,0.6,0.04,0.4,0.15,1.35667560608,0.04596829124,29.51329208642562
4,6,1.5,0.6,0.04,0.5,0.09,1.414436940421,0.048581748474,29.11457460568713
4,6,1.5,0.6,0.04,0.5,0.12,1.414817181066,0.048787827046,28.99938912491487
4,6,1.5,0.6,0.04,0.5,0.15,1.416964700119,0.048920907432000005,28.964399364189617
4,6,1.5,0.6,0.06,0.3,0.09,1.637498069823,0.060076553779,27.256857572868867
4,6,1.5,0.6,0.06,0.3,0.12,1.643061903979,0.0603385647,27.23070911859128
4,6,1.5,0.6,0.06,0.3,0.15,1.64928614549,0.060605416849000004,27.213510462261816
4,6,1.5,0.6,0.06,0.4,0.09,1.707924942023,0.064035649284,26.671470674847104
4,6,1.5,0.6,0.06,0.4,0.12,1.711555759525,0.064315018628,26.612069716168318
4,6,1.5,0.6,0.06,0.4,0.15,1.718020123525,0.064436301172,26.66230202970658
4,6,1.5,0.6,0.06,0.5,0.09,1.801625333017,0.069313013696,25.992598459486267
4,6,1.5,0.6,0.06,0.5,0.12,1.802502178053,0.069683761077,25.866889935249755
4,6,1.5,0.6,0.06,0.5,0.15,1.805882013159,0.069813194464,25.867345378246867
4,8,2,1.0,0,0.3,0.09,0.605350462797,0.020772684795000003,29.141657362591292
4,8,2,1.0,0,0.3,0.12,0.605340992569,0.020774804842000002,29.138227635486345
4,8,2,1.0,0,0.3,0.15,0.605318327022,0.020776822315,29.134307347133895
4,8,2,1.0,0,0.4,0.09,0.605350350121,0.020772684654,29.141652136159177
4,8,2,1.0,0,0.4,0.12,0.605340822985,0.020774803866000002,29.138220841434727
4,8,2,1.0,0,0.4,0.15,0.605318287115,0.020776823233,29.134304139122094
4,8,2,1.0,0,0.5,0.09,0.605350391244,0.020772685063,29.141653542046964
4,8,2,1.0,0,0.5,0.12,0.605341247507,0.020774805705,29.138238696562578
4,8,2,1.0,0,0.5,0.15,0.605318205695,0.020776822776,29.134300861160693
4,8,2,1.0,0.02,0.3,0.09,0.935610350741,0.029972417344000003,31.215712099654656
4,8,2,1.0,0.02,0.3,0.12,0.936588005102,0.030048576834,31.169130247867496
4,8,2,1.0,0.02,0.3,0.15,0.938513331386,0.030139441937,31.139041437720035
4,8,2,1.0,0.02,0.4,0.09,0.961482805309,0.030717665693000003,31.300646830338557
4,8,2,1.0,0.02,0.4,0.12,0.961375860826,0.030803428252999997,31.210028082908924
4,8,2,1.0,0.02,0.4,0.15,0.96348187991,0.030899892449000002,31.18075189097238
4,8,2,1.0,0.02,0.5,0.09,0.991786615104,0.031950219071,31.041621746005713
4,8,2,1.0,0.02,0.5,0.12,0.993416171187,0.031983796448,31.059982913601864
4,8,2,1.0,0.02,0.5,0.15,0.99411334693,0.032009757332,31.0565724263142
4,8,2,1.0,0.04,0.3,0.09,1.271518867623,0.042890148007,29.645942639682158
4,8,2,1.0,0.04,0.3,0.12,1.273354596839,0.043094868977,29.5477078145567
4,8,2,1.0,0.04,0.3,0.15,1.277344456387,0.043277777057,29.515020022970308
4,8,2,1.0,0.04,0.4,0.09,1.318070395018,0.045102320862,29.22400377246467
4,8,2,1.0,0.04,0.4,0.12,1.321339456269,0.045253205904999996,29.19880326363808
4,8,2,1.0,0.04,0.4,0.15,1.324870867777,0.045434397755,29.160084280663753
4,8,2,1.0,0.04,0.5,0.09,1.379852751869,0.047937726169,28.784276229632948
4,8,2,1.0,0.04,0.5,0.12,1.381211732657,0.048089397926,28.72175140937322
4,8,2,1.0,0.04,0.5,0.15,1.382658913174,0.048236908179,28.663920748053712
4,8,2,1.0,0.06,0.3,0.09,1.602297399488,0.059941542641,26.731000386233458
4,8,2,1.0,0.06,0.3,0.12,1.606342119812,0.060191798472,26.68705970896081
4,8,2,1.0,0.06,0.3,0.15,1.611830755461,0.060583141112,26.605268823569414
4,8,2,1.0,0.06,0.4,0.09,1.670049298185,0.064036257091,26.079745663644005
4,8,2,1.0,0.06,0.4,0.12,1.674471187155,0.06438089602,26.008820794212365
4,8,2,1.0,0.06,0.4,0.15,1.682332668534,0.06463910835100001,26.02654509710565
4,8,2,1.0,0.06,0.5,0.09,1.764153053514,0.06958220787200001,25.35350785015688
4,8,2,1.0,0.06,0.5,0.12,1.766213148371,0.069845312066,25.287497415746746
4,8,2,1.0,0.06,0.5,0.15,1.770681493446,0.069765216603,25.38057759530927
4,12,2.5,1.4,0,0.3,0.09,0.613574691328,0.019927137425,30.79090981518636
4,12,2.5,1.4,0,0.3,0.12,0.613571324633,0.019928867072,30.788068504660053
4,12,2.5,1.4,0,0.3,0.15,0.613581408637,0.019930751856,30.785662932845455
4,12,2.5,1.4,0,0.4,0.09,0.613574924929,0.019927138028000002,30.790920606203166
4,12,2.5,1.4,0,0.4,0.12,0.613571334789,0.019928867411,30.78806849055211
4,12,2.5,1.4,0,0.4,0.15,0.613581282164,0.019930751693,30.78565683899918
4,12,2.5,1.4,0,0.5,0.09,0.613575044121,0.019927138614,30.790925682121113
4,12,2.5,1.4,0,0.5,0.12,0.61357139409,0.019928867685,30.78807104288324
4,12,2.5,1.4,0,0.5,0.15,0.613581725826,0.019930753201,30.7856767698681
4,12,2.5,1.4,0.02,0.3,0.09,0.955791966605,0.028329652258,33.73821739499447
4,12,2.5,1.4,0.02,0.3,0.12,0.957440829446,0.028414579497,33.69540730127948
4,12,2.5,1.4,0.02,0.3,0.15,0.959116760015,0.028376924435999998,33.799179406427484
4,12,2.5,1.4,0.02,0.4,0.09,0.976588959304,0.029064566554999997,33.60067171330297
4,12,2.5,1.4,0.02,0.4,0.12,0.977926997449,0.029092885455,33.61395688858804
4,12,2.5,1.4,0.02,0.4,0.15,0.979646746632,0.029215712812,33.53150248073434
4,12,2.5,1.4,0.02,0.5,0.09,1.010156997326,0.030030916035,33.63723557911776
4,12,2.5,1.4,0.02,0.5,0.12,1.011962919381,0.030102915907,33.61677395330605
4,12,2.5,1.4,0.02,0.5,0.15,1.013496868702,0.030175700012,33.58652386850883
4,12,2.5,1.4,0.04,0.3,0.09,1.29377754507,0.04042394769,32.005225095570076
4,12,2.5,1.4,0.04,0.3,0.12,1.297074867054,0.040582315016,31.961578991800117
4,12,2.5,1.4,0.04,0.3,0.15,1.304042990685,0.040608569387,32.11250754138762
4,12,2.5,1.4,0.04,0.4,0.09,1.342276961122,0.042389915444999995,31.665006807186852
4,12,2.5,1.4,0.04,0.4,0.12,1.345609251858,0.042420832862000005,31.720481684917086
4,12,2.5,1.4,0.04,0.4,0.15,1.348922117694,0.042500170859,31.739216347370217
4,12,2.5,1.4,0.04,0.5,0.09,1.407770913216,0.044944561347,31.322386313821863
4,12,2.5,1.4,0.04,0.5,0.12,1.409369370716,0.045077957791999995,31.265155737958505
4,12,2.5,1.4,0.04,0.5,0.15,1.411645527579,0.045240263682,31.20330017308585
4,12,2.5,1.4,0.06,0.3,0.09,1.634922385051,0.055927315209,29.232985330000304
4,12,2.5,1.4,0.06,0.3,0.12,1.640552038189,0.056204697552,29.18887761420971
4,12,2.5,1.4,0.06,0.3,0.15,1.646138798708,0.056495235951,29.137656848371165
4,12,2.5,1.4,0.06,0.4,0.09,1.708116379954,0.059851744318,28.539124455229885
4,12,2.5,1.4,0.06,0.4,0.12,1.71190717603,0.059884080519,28.587016135061916
4,12,2.5,1.4,0.06,0.4,0.15,1.714869328845,0.060238777819,28.467863906496966
4,12,2.5,1.4,0.06,0.5,0.09,1.799084002954,0.064658495412,27.824402524221238
4,12,2.5,1.4,0.06,0.5,0.12,1.802844644474,0.064866754806,27.793045141010225
4,12,2.5,1.4,0.06,0.5,0.15,1.806311694302,0.065140015508,27.729678604085723
4,16,3,1.8,0,0.3,0.09,0.616412134666,0.019142513232,32.20121241110395
4,16,3,1.8,0,0.3,0.12,0.616395970444,0.019143812946,32.19818184510587
4,16,3,1.8,0,0.3,0.15,0.616387596687,0.019145281606,32.19527450010599
4,16,3,1.8,0,0.4,0.09,0.616412431249,0.019142514157,32.20122634850404
4,16,3,1.8,0,0.4,0.12,0.616396116257,0.019143813433999998,32.198188641050045
4,16,3,1.8,0,0.4,0.15,0.616387524484,0.019145281323000002,32.19527120468628
4,16,3,1.8,0,0.5,0.09,0.616412156343,0.019142513407,32.20121324912284
4,16,3,1.8,0,0.5,0.12,0.616396426596,0.019143814393,32.19820323902573
4,16,3,1.8,0,0.5,0.15,0.616387844844,0.019145282349,32.195286212438404
4,16,3,1.8,0.02,0.3,0.09,0.961853418318,0.027190357514,35.374798504313624
4,16,3,1.8,0.02,0.3,0.12,0.965281877805,0.027260031447000004,35.410152760892366
4,16,3,1.8,0.02,0.3,0.15,0.967598160418,0.027325712958,35.409804747097056
4,16,3,1.8,0.02,0.4,0.09,0.985009562606,0.027825166819999997,35.39995174073857
4,16,3,1.8,0.02,0.4,0.12,0.985340628278,0.027880275943,35.341853512945335
4,16,3,1.8,0.02,0.4,0.15,0.98691958465,0.027957136357999998,35.30116861799369
4,16,3,1.8,0.02,0.5,0.09,1.018602733789,0.02869301784,35.50002092735603
4,16,3,1.8,0.02,0.5,0.12,1.019194715749,0.028797046795000003,35.39233460307331
4,16,3,1.8,0.02,0.5,0.15,1.019577749507,0.028878458457000003,35.3058232323983
4,16,3,1.8,0.04,0.3,0.09,1.305418660347,0.038693157772,33.737713216357236
4,16,3,1.8,0.04,0.3,0.12,1.30779881005,0.03887226979,33.64348974513536
4,16,3,1.8,0.04,0.3,0.15,1.312253957534,0.039063907324,33.59249105958687
4,16,3,1.8,0.04,0.4,0.09,1.354195291292,0.040531573108,33.41087422596763
4,16,3,1.8,0.04,0.4,0.12,1.356171405383,0.040692195912999995,33.327555197131595
4,16,3,1.8,0.04,0.4,0.15,1.359040779027,0.040946464549,33.1906745550805
4,16,3,1.8,0.04,0.5,0.09,1.420944589871,0.043124581104,32.9497598236195
4,16,3,1.8,0.04,0.5,0.12,1.422776358927,0.043150105578,32.972720225565325
4,16,3,1.8,0.04,0.5,0.15,1.423880831378,0.043246852069999994,32.92449654077216
4,16,3,1.8,0.06,0.3,0.09,1.649670342582,0.054345943255,30.35498592491952
4,16,3,1.8,0.06,0.3,0.12,1.654361264609,0.054570202836999995,30.316201490959106
4,16,3,1.8,0.06,0.3,0.15,1.661062485741,0.054093167924,30.70743588311864
4,16,3,1.8,0.06,0.4,0.09,1.720721479034,0.05795693122,29.689658213653086
4,16,3,1.8,0.06,0.4,0.12,1.725121946819,0.058251901057999995,29.614860897008978
4,16,3,1.8,0.06,0.4,0.15,1.732131474044,0.058481744587000006,29.618327672615944
4,16,3,1.8,0.06,0.5,0.09,1.81662836063,0.06276392196200001,28.94383116673087
4,16,3,1.8,0.06,0.5,0.12,1.818060597423,0.062997136881,28.859416275651867
4,16,3,1.8,0.06,0.5,0.15,1.822193671046,0.063293398061,28.78963251885817
8,2,1,0.2,0,0.3,0.09,1.207288355634,0.053625663599,22.513257172196806
8,2,1,0.2,0,0.3,0.12,1.206923193897,0.053639778820999996,22.500525177864624
8,2,1,0.2,0,0.3,0.15,1.207171944032,0.053663039986,22.49540734827799
8,2,1,0.2,0,0.4,0.09,1.207288685784,0.053625665837,22.513262389201127
8,2,1,0.2,0,0.4,0.12,1.206920923912,0.053639761687,22.50049004607167
8,2,1,0.2,0,0.4,0.15,1.207172885867,0.053663048244,22.49542143745016
8,2,1,0.2,0,0.5,0.09,1.207287610262,0.053625658148,22.51324556110882
8,2,1,0.2,0,0.5,0.12,1.206922762615,0.053639775951,22.500518341417486
8,2,1,0.2,0,0.5,0.15,1.207171845204,0.053663040077,22.495405468491047
8,2,1,0.2,0.02,0.3,0.09,1.482059003876,0.07454949258900001,19.88020243205092
8,2,1,0.2,0.02,0.3,0.12,1.483995363546,0.07466406149,19.875631380496976
8,2,1,0.2,0.02,0.3,0.15,1.486728519252,0.074847575541,19.863415862249273
8,2,1,0.2,0.02,0.4,0.09,1.501545521229,0.076222746567,19.69944129354008
8,2,1,0.2,0.02,0.4,0.12,1.502560316158,0.07626809934499999,19.701032660603534
8,2,1,0.2,0.02,0.4,0.15,1.506829211973,0.076398346241,19.723322376896473
8,2,1,0.2,0.02,0.5,0.09,1.528859148376,0.078503386295,19.475072611910694
8,2,1,0.2,0.02,0.5,0.12,1.529769524302,0.078597211328,19.463407141991368
8,2,1,0.2,0.02,0.5,0.15,1.533407080516,0.078578068559,19.514440971078947
8,2,1,0.2,0.04,0.3,0.09,1.772549300044,0.100262828894,17.679027408232987
8,2,1,0.2,0.04,0.3,0.12,1.773479770784,0.100366094483,17.670108415789674
8,2,1,0.2,0.04,0.3,0.15,1.77741475244,0.100545581859,17.677701193599493
8,2,1,0.2,0.04,0.4,0.09,1.808397976549,0.10405757033499999,17.37882184570613
8,2,1,0.2,0.04,0.4,0.12,1.808488409633,0.104384537354,17.325251952785507
8,2,1,0.2,0.04,0.4,0.15,1.816467164345,0.104316884144,17.412973741024818
8,2,1,0.2,0.04,0.5,0.09,1.858005834481,0.109492330321,16.969278387206316
8,2,1,0.2,0.04,0.5,0.12,1.863388479505,0.109577582309,17.005197963305978
8,2,1,0.2,0.04,0.5,0.15,1.862299831654,0.109650404061,16.983976006307987
8,2,1,0.2,0.06,0.3,0.09,2.060294314374,0.13268188051,15.528075924569967
8,2,1,0.2,0.06,0.3,0.12,2.063053794889,0.133077716784,15.502623915899962
8,2,1,0.2,0.06,0.3,0.15,2.066214155743,0.133464484976,15.481378106801618
8,2,1,0.2,0.06,0.4,0.09,2.109898097349,0.138968252834,15.182590658812627
8,2,1,0.2,0.06,0.4,0.12,2.111242730427,0.139329620148,15.152863606348575
8,2,1,0.2,0.06,0.4,0.15,2.111893175983,0.139958428348,15.089431918539963
8,2,1,0.2,0.06,0.5,0.09,2.186967007534,0.148500125838,14.727038076181701
8,2,1,0.2,0.06,0.5,0.12,2.18831990297,0.148813497217,14.705117102241
8,2,1,0.2,0.06,0.5,0.15,2.190293448811,0.149307467012,14.669684595446011
8,6,1.5,0.6,0,0.3,0.09,1.363568532782,0.046034890237,29.62032766369122
8,6,1.5,0.6,0,0.3,0.12,1.363621596195,0.046045405185,29.614715968211758
8,6,1.5,0.6,0,0.3,0.15,1.363565896118,0.046051324686,29.609699729930586
8,6,1.5,0.6,0,0.4,0.09,1.363567913891,0.046034886225,29.62031680118484
8,6,1.5,0.6,0,0.4,0.12,1.363621341391,0.046045401843999995,29.614712583265
8,6,1.5,0.6,0,0.4,0.15,1.363566124711,0.046051326302,29.609703654762722
8,6,1.5,0.6,0,0.5,0.09,1.363568790422,0.046034893509,29.620331155005648
8,6,1.5,0.6,0,0.5,0.12,1.363621660596,0.046045405495,29.614717167472307
8,6,1.5,0.6,0,0.5,0.15,1.363566496119,0.046051328169,29.60971051942213
8,6,1.5,0.6,0.02,0.3,0.09,1.692099749037,0.06368038137599999,26.571759032754827
8,6,1.5,0.6,0.02,0.3,0.12,1.690600198946,0.063835540446,26.48368271239309
8,6,1.5,0.6,0.02,0.3,0.15,1.693203971866,0.063884975014,26.503946686915732
8,6,1.5,0.6,0.02,0.4,0.09,1.717665979711,0.064988320026,26.430379782456452
8,6,1.5,0.6,0.02,0.4,0.12,1.71691738629,0.065135979159,26.35897100892463
8,6,1.5,0.6,0.02,0.4,0.15,1.71971021684,0.065171001814,26.387659679501393
8,6,1.5,0.6,0.02,0.5,0.09,1.749595788783,0.067013958162,26.107930896329318
8,6,1.5,0.6,0.02,0.5,0.12,1.751536402122,0.067139512199,26.088012032772678
8,6,1.5,0.6,0.02,0.5,0.15,1.751748352685,0.067056131787,26.123611756331684
8,6,1.5,0.6,0.04,0.3,0.09,2.031038384336,0.08447030762300001,24.044406152760104
8,6,1.5,0.6,0.04,0.3,0.12,2.030134180805,0.084748714521,23.95474895730661
8,6,1.5,0.6,0.04,0.3,0.15,2.036452353261,0.08465045218600001,24.057194033486812
8,6,1.5,0.6,0.04,0.4,0.09,2.076470615117,0.08756399861,23.71374820792917
8,6,1.5,0.6,0.04,0.4,0.12,2.078109973583,0.087747453624,23.682852182671336
8,6,1.5,0.6,0.04,0.4,0.15,2.081498784929,0.087704443947,23.73310508857287
8,6,1.5,0.6,0.04,0.5,0.09,2.135704292995,0.091999360302,23.21433851261867
8,6,1.5,0.6,0.04,0.5,0.12,2.138697595316,0.091813725864,23.293876543949075
8,6,1.5,0.6,0.04,0.5,0.15,2.140447684993,0.092306845235,23.188396045209075
8,6,1.5,0.6,0.06,0.3,0.09,2.366535809716,0.109477719777,21.616597555525466
8,6,1.5,0.6,0.06,0.3,0.12,2.369564724619,0.10982310122,21.57619570287163
8,6,1.5,0.6,0.06,0.3,0.15,2.375649374266,0.110251701675,21.547507550213965
8,6,1.5,0.6,0.06,0.4,0.09,2.430963946371,0.114272107289,21.27346737575223
8,6,1.5,0.6,0.06,0.4,0.12,2.432626282919,0.114715242882,21.205780694909762
8,6,1.5,0.6,0.06,0.4,0.15,2.437964369504,0.115165703087,21.169187563265087
8,6,1.5,0.6,0.06,0.5,0.09,2.523827251487,0.121923943417,20.700013309568693
8,6,1.5,0.6,0.06,0.5,0.12,2.526287371042,0.122210867561,20.671544368024684
8,6,1.5,0.6,0.06,0.5,0.15,2.529692126929,0.122777861999,20.603813144666127
8,8,2,1.0,0,0.3,0.09,1.327321677575,0.045423500728,29.22103440514463
8,8,2,1.0,0,0.3,0.12,1.32730277143,0.045427872038,29.217806423328028
8,8,2,1.0,0,0.3,0.15,1.327255744684,0.045430487182000004,29.215089403881006
8,8,2,1.0,0,0.4,0.09,1.32732147356,0.045423497886999994,29.22103174136824
8,8,2,1.0,0,0.4,0.12,1.327302903929,0.045427872604,29.217808975983807
8,8,2,1.0,0,0.4,0.15,1.32725718436,0.04543049769,29.215114336115917
8,8,2,1.0,0,0.5,0.09,1.327320879847,0.045423494864,29.221020615455917
8,8,2,1.0,0,0.5,0.12,1.3273038149,0.045427877467,29.217825901379353
8,8,2,1.0,0,0.5,0.15,1.327254805197,0.04543048059,29.215072963352068
8,8,2,1.0,0.02,0.3,0.09,1.649360454209,0.062983385337,26.187230892463198
8,8,2,1.0,0.02,0.3,0.12,1.650626671394,0.06311069045199999,26.154470178858446
8,8,2,1.0,0.02,0.3,0.15,1.653585619128,0.063306106682,26.120475666499463
8,8,2,1.0,0.02,0.4,0.09,1.677608753675,0.064564083332,25.98362227259446
8,8,2,1.0,0.02,0.4,0.12,1.679386794376,0.06456467242899999,26.01092410439743
8,8,2,1.0,0.02,0.4,0.15,1.684035869994,0.064687328086,26.033473940292
8,8,2,1.0,0.02,0.5,0.09,1.707325524127,0.066323977323,25.74220655996349
8,8,2,1.0,0.02,0.5,0.12,1.707104002656,0.066122851181,25.81715658302596
8,8,2,1.0,0.02,0.5,0.15,1.707434542724,0.06626598250900001,25.766380849964797
8,8,2,1.0,0.04,0.3,0.09,1.986885855199,0.08459590637,23.48678488659829
8,8,2,1.0,0.04,0.3,0.12,1.990434123641,0.084712680176,23.496294999823544
8,8,2,1.0,0.04,0.3,0.15,1.994667675173,0.08503833669899999,23.456099361788862
8,8,2,1.0,0.04,0.4,0.09,2.025968470956,0.087502074182,23.15337653301893
8,8,2,1.0,0.04,0.4,0.12,2.028311830272,0.087682778285,23.132385514510844
8,8,2,1.0,0.04,0.4,0.15,2.032243875269,0.088010775409,23.090852975954835
8,8,2,1.0,0.04,0.5,0.09,2.092910206087,0.091766314992,22.806954886108873
8,8,2,1.0,0.04,0.5,0.12,2.093480884509,0.092154797883,22.71700370030532
8,8,2,1.0,0.04,0.5,0.15,2.09507529448,0.092412448479,22.670920735923247
8,8,2,1.0,0.06,0.3,0.09,2.313011986872,0.10922758605499999,21.176078959644094
8,8,2,1.0,0.06,0.3,0.12,2.314105954747,0.109546578055,21.12440201998056
8,8,2,1.0,0.06,0.3,0.15,2.319491330933,0.110183774532,21.05111520080812
8,8,2,1.0,0.06,0.4,0.09,2.383276006448,0.11435711705999999,20.84064435795073
8,8,2,1.0,0.06,0.4,0.12,2.388101575904,0.115173209162,20.73487049010635
8,8,2,1.0,0.06,0.4,0.15,2.389573630329,0.115586246278,20.673511834459646
8,8,2,1.0,0.06,0.5,0.09,2.474765856861,0.122748391279,20.161289537685267
8,8,2,1.0,0.06,0.5,0.12,2.474351005301,0.123118311196,20.097343614159236
8,8,2,1.0,0.06,0.5,0.15,2.478246961149,0.123666141744,20.039817901646785
8,12,2.5,1.4,0,0.3,0.09,1.354602941001,0.04264713196,31.763048972942002
8,12,2.5,1.4,0,0.3,0.12,1.354596529706,0.042651333808,31.75976947881339
8,12,2.5,1.4,0,0.3,0.15,1.354618564798,0.042657449927000005,31.755732401167165
8,12,2.5,1.4,0,0.4,0.09,1.354602556277,0.042647128305000004,31.763042674040605
8,12,2.5,1.4,0,0.4,0.12,1.3545953159,0.04265132616,31.75974671498936
8,12,2.5,1.4,0,0.4,0.15,1.354616733581,0.042657438301,31.75569812754659
8,12,2.5,1.4,0,0.5,0.09,1.354602767556,0.042647130784,31.763045781832727
8,12,2.5,1.4,0,0.5,0.12,1.35459742797,0.042651341101,31.759785108802596
8,12,2.5,1.4,0,0.5,0.15,1.354617309746,0.042657442508,31.7557085024953
8,12,2.5,1.4,0.02,0.3,0.09,1.684303134066,0.058829407055000005,28.630292542152155
8,12,2.5,1.4,0.02,0.3,0.12,1.687051685037,0.058812355071,28.685327819305005
8,12,2.5,1.4,0.02,0.3,0.15,1.689574840307,0.059146709203,28.565830002614963
8,12,2.5,1.4,0.02,0.4,0.09,1.713251991855,0.060305229897000004,28.40967516053245
8,12,2.5,1.4,0.02,0.4,0.12,1.7147039582,0.060420502636999995,28.379505025003855
8,12,2.5,1.4,0.02,0.4,0.15,1.717397401751,0.060536971684,28.36939731170779
8,12,2.5,1.4,0.02,0.5,0.09,1.745085822554,0.061997213167000007,28.147810738739423
8,12,2.5,1.4,0.02,0.5,0.12,1.749026197944,0.06203877031800001,28.192470433872145
8,12,2.5,1.4,0.02,0.5,0.15,1.750451442434,0.062078799455,28.19725023359829
8,12,2.5,1.4,0.04,0.3,0.09,2.034421371099,0.078871393791,25.794160256505414
8,12,2.5,1.4,0.04,0.3,0.12,2.032634965086,0.079083274967,25.702463206464085
8,12,2.5,1.4,0.04,0.3,0.15,2.041247517764,0.079463855533,25.68774827338077
8,12,2.5,1.4,0.04,0.4,0.09,2.078269750963,0.081606692542,25.46690334121053
8,12,2.5,1.4,0.04,0.4,0.12,2.078953123587,0.081793667371,25.417042546304682
8,12,2.5,1.4,0.04,0.4,0.15,2.078806956787,0.08199011272000001,25.354361493393977
8,12,2.5,1.4,0.04,0.5,0.09,2.137307702557,0.085693016735,24.941445452509658
8,12,2.5,1.4,0.04,0.5,0.12,2.142147015888,0.085822009551,24.960345569804236
8,12,2.5,1.4,0.04,0.5,0.15,2.143670352242,0.08604251830000001,24.914081951527447
8,12,2.5,1.4,0.06,0.3,0.09,2.372703608562,0.10360754809200001,22.900875971460295
8,12,2.5,1.4,0.06,0.3,0.12,2.375237976409,0.10399957081700001,22.83892094697701
8,12,2.5,1.4,0.06,0.3,0.15,2.379630214961,0.104103575629,22.858294737554715
8,12,2.5,1.4,0.06,0.4,0.09,2.431827018783,0.10896222415000001,22.31807433955541
8,12,2.5,1.4,0.06,0.4,0.12,2.437271943445,0.109196104007,22.32013647015061
8,12,2.5,1.4,0.06,0.4,0.15,2.442990704525,0.109710305402,22.267650204540082
8,12,2.5,1.4,0.06,0.5,0.09,2.525090573141,0.11602165555499999,21.76395915971034
8,12,2.5,1.4,0.06,0.5,0.12,2.531182015127,0.11642793857,21.74033179849849
8,12,2.5,1.4,0.06,0.5,0.15,2.53920128314,0.11685525712799999,21.729456984195668
8,16,3,1.8,0,0.3,0.09,1.366942220097,0.040885028836,33.43380838937755
8,16,3,1.8,0,0.3,0.12,1.366908640209,0.040887747337,33.43076420774254
8,16,3,1.8,0,0.3,0.15,1.366885674946,0.040892106777999995,33.42663860208314
8,16,3,1.8,0,0.4,0.09,1.366941361006,0.040885022555,33.43379251331319
8,16,3,1.8,0,0.4,0.12,1.366908845545,0.040887748763,33.43076806375651
8,16,3,1.8,0,0.4,0.15,1.366885386063,0.040892105292,33.426632752273896
8,16,3,1.8,0,0.5,0.09,1.366941340806,0.040885022164,33.43379233898561
8,16,3,1.8,0,0.5,0.12,1.366908850813,0.040887748733,33.430768217125745
8,16,3,1.8,0,0.5,0.15,1.366885207573,0.040892104137,33.426629331509865
8,16,3,1.8,0.02,0.3,0.09,1.701317220348,0.056404054074,30.1630308012246
8,16,3,1.8,0.02,0.3,0.12,1.703330821347,0.056454684633999996,30.171647089870802
8,16,3,1.8,0.02,0.3,0.15,1.705190271292,0.056609295867,30.122089405567557
8,16,3,1.8,0.02,0.4,0.09,1.73141073865,0.05782258992,29.94350030058287
8,16,3,1.8,0.02,0.4,0.12,1.73166881524,0.057884056685999996,29.916161968980074
8,16,3,1.8,0.02,0.4,0.15,1.731722819797,0.057972566649,29.871418843362033
8,16,3,1.8,0.02,0.5,0.09,1.763153778778,0.059404221184999995,29.680614333568762
8,16,3,1.8,0.02,0.5,0.12,1.763848139131,0.059493091483,29.647948949417348
8,16,3,1.8,0.02,0.5,0.15,1.765433864619,0.059597496866,29.622617684572067
8,16,3,1.8,0.04,0.3,0.09,2.055385793458,0.07625908152,26.952669144316232
8,16,3,1.8,0.04,0.3,0.12,2.054860301914,0.076711907487,26.78671889709205
8,16,3,1.8,0.04,0.3,0.15,2.057724570878,0.077143181302,26.67409531404238
8,16,3,1.8,0.04,0.4,0.09,2.101139789383,0.07944933007,26.446287055306318
8,16,3,1.8,0.04,0.4,0.12,2.102902991789,0.079339407825,26.505151089952694
8,16,3,1.8,0.04,0.4,0.15,2.104364392685,0.079659039483,26.417144951064735
8,16,3,1.8,0.04,0.5,0.09,2.159566557854,0.083296555331,25.926240878418255
8,16,3,1.8,0.04,0.5,0.12,2.161427315477,0.083409362754,25.91348553820891
8,16,3,1.8,0.04,0.5,0.15,2.166321986816,0.083405043864,25.97351294902977
8,16,3,1.8,0.06,0.3,0.09,2.396100266513,0.099059627992,24.18846421174232
8,16,3,1.8,0.06,0.3,0.12,2.403481475287,0.099702990813,24.106413014178273
8,16,3,1.8,0.06,0.3,0.15,2.40858793727,0.100312703946,24.01079666406543
8,16,3,1.8,0.06,0.4,0.09,2.458212579327,0.10438061980399999,23.550469272388806
8,16,3,1.8,0.06,0.4,0.12,2.461841266946,0.10475968215600001,23.499892480391612
8,16,3,1.8,0.06,0.4,0.15,2.466614970159,0.10519765787,23.447432386823348
8,16,3,1.8,0.06,0.5,0.09,2.554773055859,0.111159709967,22.982905016731653
8,16,3,1.8,0.06,0.5,0.12,2.554733425212,0.111460003568,22.92062931483218
8,16,3,1.8,0.06,0.5,0.15,2.557734173341,0.111945572993,22.848015378874663
12,2,1,0.2,0,0.3,0.09,1.837951911484,0.106132397284,17.317538833743846
12,2,1,0.2,0,0.3,0.12,1.837860203268,0.106157841921,17.31252416223466
12,2,1,0.2,0,0.3,0.15,1.837735841941,0.106188619118,17.306335247648832
12,2,1,0.2,0,0.4,0.09,1.837956493012,0.106132450203,17.317573367019538
12,2,1,0.2,0,0.4,0.12,1.837857875461,0.106157815839,17.31250648796612
12,2,1,0.2,0,0.4,0.15,1.837736399804,0.106188624445,17.30633963297875
12,2,1,0.2,0,0.5,0.09,1.837952435684,0.106132404073,17.317542665101787
12,2,1,0.2,0,0.5,0.12,1.837858843354,0.10615782647800001,17.31251387041986
12,2,1,0.2,0,0.5,0.15,1.837736371145,0.10618862484,17.30633929871504
12,2,1,0.2,0.02,0.3,0.09,2.097624914178,0.13676538663499999,15.337396148165398
12,2,1,0.2,0.02,0.3,0.12,2.106975973473,0.137058849903,15.372783114437047
12,2,1,0.2,0.02,0.3,0.15,2.10916424215,0.137391689081,15.351468900761027
12,2,1,0.2,0.02,0.4,0.09,2.124705928467,0.139179379068,15.265953496091653
12,2,1,0.2,0.02,0.4,0.12,2.124043084568,0.139344891239,15.243063923491157
12,2,1,0.2,0.02,0.4,0.15,2.121863868955,0.139440068867,15.21703113169619
12,2,1,0.2,0.02,0.5,0.09,2.141991586142,0.14212263096299999,15.071432126102724
12,2,1,0.2,0.02,0.5,0.12,2.146022334363,0.142415116703,15.068781910549763
12,2,1,0.2,0.02,0.5,0.15,2.148246707843,0.142658947014,15.058618844510182
12,2,1,0.2,0.04,0.3,0.09,2.381330984266,0.171825877616,13.858977572562425
12,2,1,0.2,0.04,0.3,0.12,2.3873234972,0.172171765333,13.865940751566566
12,2,1,0.2,0.04,0.3,0.15,2.390798232814,0.17296474931800002,13.822459444718747
12,2,1,0.2,0.04,0.4,0.09,2.42873936973,0.177515134754,13.68187210119149
12,2,1,0.2,0.04,0.4,0.12,2.433086428987,0.177638100919,13.69687255380222
12,2,1,0.2,0.04,0.4,0.15,2.432294099482,0.178131273513,13.654503510325442
12,2,1,0.2,0.04,0.5,0.09,2.475716148091,0.184340228832,13.43014578954041
12,2,1,0.2,0.04,0.5,0.12,2.477629107773,0.18441923903500002,13.434764836562325
12,2,1,0.2,0.04,0.5,0.15,2.475848003556,0.184748941962,13.401148484332015
12,2,1,0.2,0.06,0.3,0.09,2.66741083062,0.212109898747,12.575607486389066
12,2,1,0.2,0.06,0.3,0.12,2.6786677577,0.212288401196,12.618059878018771
12,2,1,0.2,0.06,0.3,0.15,2.682880094239,0.213313248586,12.57718454912266
12,2,1,0.2,0.06,0.4,0.09,2.731452799191,0.220632034473,12.380127870892943
12,2,1,0.2,0.06,0.4,0.12,2.731077228631,0.221300099612,12.341057385059157
12,2,1,0.2,0.06,0.4,0.15,2.735132263029,0.221934936406,12.324027515998855
12,2,1,0.2,0.06,0.5,0.09,2.795668334047,0.23221592503799998,12.039089625698645
12,2,1,0.2,0.06,0.5,0.12,2.795445523643,0.232642380752,12.016063086213787
12,2,1,0.2,0.06,0.5,0.15,2.798131689752,0.233057833013,12.006168827614216
12,6,1.5,0.6,0,0.3,0.09,2.092267090091,0.08774458964000001,23.84496980013456
12,6,1.5,0.6,0,0.3,0.12,2.092350367989,0.087760639187,23.841557985130766
12,6,1.5,0.6,0,0.3,0.15,2.091210215355,0.087753381739,23.830537056392536
12,6,1.5,0.6,0,0.4,0.09,2.092265652316,0.087744573902,23.844957691091032
12,6,1.5,0.6,0,0.4,0.12,2.092349699211,0.087760631487,23.84155245647862
12,6,1.5,0.6,0,0.4,0.15,2.091208614342,0.087753365459,23.830523232969924
12,6,1.5,0.6,0,0.5,0.09,2.09226795419,0.087744601221,23.84497650083633
12,6,1.5,0.6,0,0.5,0.12,2.092350242006,0.087760635541,23.84155754009434
12,6,1.5,0.6,0,0.5,0.15,2.091209369542,0.087753376379,23.83052887344448
12,6,1.5,0.6,0.02,0.3,0.09,2.407977319873,0.11303482539599999,21.302968456287914
12,6,1.5,0.6,0.02,0.3,0.12,2.415466236565,0.11328935564,21.321210831498025
12,6,1.5,0.6,0.02,0.3,0.15,2.419505488154,0.113574054519,21.303329342259563
12,6,1.5,0.6,0.02,0.4,0.09,2.430536459131,0.114911118257,21.151447275058956
12,6,1.5,0.6,0.02,0.4,0.12,2.431282109943,0.11508561584999999,21.125855668286803
12,6,1.5,0.6,0.02,0.4,0.15,2.436985955276,0.11540138886099999,21.117475095653564
12,6,1.5,0.6,0.02,0.5,0.09,2.463292538333,0.117604810864,20.945508268208425
12,6,1.5,0.6,0.02,0.5,0.12,2.462502195691,0.11762884151800002,20.934510311522352
12,6,1.5,0.6,0.02,0.5,0.15,2.465093801282,0.117867448746,20.91411859260809
12,6,1.5,0.6,0.04,0.3,0.09,2.737761956834,0.141920866313,19.290764127637093
12,6,1.5,0.6,0.04,0.3,0.12,2.742522961393,0.142288171936,19.274426848540603
12,6,1.5,0.6,0.04,0.3,0.15,2.745443181442,0.142719870862,19.23658678262573
12,6,1.5,0.6,0.04,0.4,0.09,2.791411246036,0.14653035607499998,19.050054342372896
12,6,1.5,0.6,0.04,0.4,0.12,2.797402730323,0.146841688467,19.050466931614352
12,6,1.5,0.6,0.04,0.4,0.15,2.795549565083,0.147097781875,19.004702378575548
12,6,1.5,0.6,0.04,0.5,0.09,2.850221928885,0.151928267392,18.760313520399446
12,6,1.5,0.6,0.04,0.5,0.12,2.853496553208,0.152231332665,18.744475944958058
12,6,1.5,0.6,0.04,0.5,0.15,2.859903947791,0.152217834961,18.788231671562936
12,6,1.5,0.6,0.06,0.3,0.09,3.073300890729,0.174758837144,17.585954112275434
12,6,1.5,0.6,0.06,0.3,0.12,3.083332481063,0.175207743964,17.5981518356662
12,6,1.5,0.6,0.06,0.3,0.15,3.088148886438,0.17560279656799999,17.58598921425578
12,6,1.5,0.6,0.06,0.4,0.09,3.148050984584,0.181666767104,17.328711435602386
12,6,1.5,0.6,0.06,0.4,0.12,3.148976973286,0.181968176808,17.30509712480429
12,6,1.5,0.6,0.06,0.4,0.15,3.154729924213,0.18277125602,17.26053643723819
12,6,1.5,0.6,0.06,0.5,0.09,3.231376337986,0.190811927279,16.93487605343019
12,6,1.5,0.6,0.06,0.5,0.12,3.23296303151,0.19094000524600002,16.931826451689737
12,6,1.5,0.6,0.06,0.5,0.15,3.235985463808,0.191337485354,16.91244900507077
12,8,2,1.0,0,0.3,0.09,2.043144567625,0.087774738152,23.27713657301803
12,8,2,1.0,0,0.3,0.12,2.043070067409,0.087781374547,23.274528086992955
12,8,2,1.0,0,0.3,0.15,2.042998786799,0.087786521241,23.27235158561943
12,8,2,1.0,0,0.4,0.09,2.043144531124,0.087774740803,23.27713545414615
12,8,2,1.0,0,0.4,0.12,2.043068966472,0.087781365877,23.27451784396663
12,8,2,1.0,0,0.4,0.15,2.042998534064,0.08778651814499999,23.272349527401342
12,8,2,1.0,0,0.5,0.09,2.043142787644,0.087774718058,23.277121622810874
12,8,2,1.0,0,0.5,0.12,2.043069094793,0.087781367662,23.274518832513383
12,8,2,1.0,0,0.5,0.15,2.042998161456,0.08778651675,23.272345652739432
12,8,2,1.0,0.02,0.3,0.09,2.361711133578,0.113495467758,20.808858540622467
12,8,2,1.0,0.02,0.3,0.12,2.364407617202,0.113699676294,20.795200956317686
12,8,2,1.0,0.02,0.3,0.15,2.366969001281,0.113787713043,20.80162205550726
12,8,2,1.0,0.02,0.4,0.09,2.373200205603,0.115181742966,20.603961569704104
12,8,2,1.0,0.02,0.4,0.12,2.374783565207,0.1153129727,20.594244598873306
12,8,2,1.0,0.02,0.4,0.15,2.377284798038,0.11537118845300001,20.60553271501108
12,8,2,1.0,0.02,0.5,0.09,2.417418499879,0.118245381039,20.444083977214138
12,8,2,1.0,0.02,0.5,0.12,2.417029946993,0.11820016045699999,20.448618154560716
12,8,2,1.0,0.02,0.5,0.15,2.420159030571,0.11844867771100001,20.432132104301626
12,8,2,1.0,0.04,0.3,0.09,2.687185742076,0.143039733952,18.7862887313377
12,8,2,1.0,0.04,0.3,0.12,2.696680265385,0.143221874424,18.828689934622943
12,8,2,1.0,0.04,0.3,0.15,2.69644796858,0.14386807439,18.74250406153643
12,8,2,1.0,0.04,0.4,0.09,2.73873948335,0.147355110103,18.58598240288812
12,8,2,1.0,0.04,0.4,0.12,2.739426329308,0.147653661998,18.5530537626971
12,8,2,1.0,0.04,0.4,0.15,2.742507426767,0.148173256615,18.508788221432454
12,8,2,1.0,0.04,0.5,0.09,2.788031796266,0.152643958126,18.264933840123682
12,8,2,1.0,0.04,0.5,0.12,2.788411109961,0.153266773256,18.193187282044125
12,8,2,1.0,0.04,0.5,0.15,2.791742997949,0.153105266738,18.234140845894903
12,8,2,1.0,0.06,0.3,0.09,3.016458256315,0.175837735458,17.15478334873973
12,8,2,1.0,0.06,0.3,0.12,3.024263803093,0.17652358411799998,17.132349868170493
12,8,2,1.0,0.06,0.3,0.15,3.028840687846,0.17752517917799998,17.06147095229268
12,8,2,1.0,0.06,0.4,0.09,3.080619317931,0.182408804427,16.88854508754737
12,8,2,1.0,0.06,0.4,0.12,3.084525977031,0.183209333335,16.836074455829795
12,8,2,1.0,0.06,0.4,0.15,3.084229945172,0.18378895160199998,16.781367532097274
12,8,2,1.0,0.06,0.5,0.09,3.174428134769,0.192181323689,16.517880477845292
12,8,2,1.0,0.06,0.5,0.12,3.176535773434,0.192598210218,16.493070054173973
12,8,2,1.0,0.06,0.5,0.15,3.177784528317,0.193509684897,16.42183712928089
12,12,2.5,1.4,0,0.3,0.09,2.089022460812,0.08195635271400001,25.48945129491039
12,12,2.5,1.4,0,0.3,0.12,2.089014870772,0.081967117594,25.48601112362302
12,12,2.5,1.4,0,0.3,0.15,2.089045032192,0.081981854027,25.48179785619378
12,12,2.5,1.4,0,0.4,0.09,2.089023846866,0.081956365914,25.489464101642742
12,12,2.5,1.4,0,0.4,0.12,2.089014316795,0.081967108017,25.486007342869023
12,12,2.5,1.4,0,0.4,0.15,2.089044182551,0.081981842042,25.48179121763042
12,12,2.5,1.4,0,0.5,0.09,2.089022128144,0.08195634986,25.489448123452576
12,12,2.5,1.4,0,0.5,0.12,2.089013011696,0.081967096853,25.48599489185815
12,12,2.5,1.4,0,0.5,0.15,2.089046994423,0.08198187653700001,25.481814794519526
12,12,2.5,1.4,0.02,0.3,0.09,2.422273373035,0.107023548399,22.633087850950314
12,12,2.5,1.4,0.02,0.3,0.12,2.423518652889,0.107324078446,22.581313419880804
12,12,2.5,1.4,0.02,0.3,0.15,2.425447594673,0.10730100155399999,22.60414683503561
12,12,2.5,1.4,0.02,0.4,0.09,2.441681439265,0.108603847423,22.48245800864605
12,12,2.5,1.4,0.02,0.4,0.12,2.439994279634,0.108623010109,22.46295952566162
12,12,2.5,1.4,0.02,0.4,0.15,2.434415042993,0.108676463532,22.400572891996816
12,12,2.5,1.4,0.02,0.5,0.09,2.470499835254,0.111152679339,22.22618338977978
12,12,2.5,1.4,0.02,0.5,0.12,2.472370930313,0.111221282539,22.229297072222284
12,12,2.5,1.4,0.02,0.5,0.15,2.472708179483,0.111428295815,22.191025730020495
12,12,2.5,1.4,0.04,0.3,0.09,2.750006968351,0.134843873619,20.394007488401858
12,12,2.5,1.4,0.04,0.3,0.12,2.749914673018,0.135013110944,20.36776024040061
12,12,2.5,1.4,0.04,0.3,0.15,2.75575645522,0.1353841126,20.35509486524492
12,12,2.5,1.4,0.04,0.4,0.09,2.804799838933,0.139099745032,20.163946657758096
12,12,2.5,1.4,0.04,0.4,0.12,2.801007126269,0.138842076724,20.17405092432489
12,12,2.5,1.4,0.04,0.4,0.15,2.808019712722,0.139410873977,20.142042242596276
12,12,2.5,1.4,0.04,0.5,0.09,2.861589477203,0.144214991238,19.84252436336857
12,12,2.5,1.4,0.04,0.5,0.12,2.856163088801,0.14436106720300002,19.784857123456103
12,12,2.5,1.4,0.04,0.5,0.15,2.85882137956,0.144839896955,19.73780318587358
12,12,2.5,1.4,0.06,0.3,0.09,3.092775962533,0.166307853321,18.596692223327913
12,12,2.5,1.4,0.06,0.3,0.12,3.096364469286,0.166202870364,18.630030050050696
12,12,2.5,1.4,0.06,0.3,0.15,3.10112163152,0.167331093519,18.532847460103856
12,12,2.5,1.4,0.06,0.4,0.09,3.162441124048,0.172850284973,18.295839804614655
12,12,2.5,1.4,0.06,0.4,0.12,3.164240342998,0.173308928093,18.2578034369933
12,12,2.5,1.4,0.06,0.4,0.15,3.167503138937,0.173253619099,18.282464489974295
12,12,2.5,1.4,0.06,0.5,0.09,3.240836917274,0.181826095774,17.82382723161028
12,12,2.5,1.4,0.06,0.5,0.12,3.243844690815,0.182240962087,17.799756178122134
12,12,2.5,1.4,0.06,0.5,0.15,3.250943746441,0.18242562013900002,17.820653392675485
12,16,3,1.8,0,0.3,0.09,2.110663739221,0.079384005839,26.588022573485038
12,16,3,1.8,0,0.3,0.12,2.110614814029,0.079380848768,26.588463675886405
12,16,3,1.8,0,0.3,0.15,2.110575260345,0.079379629049,26.588373939643503
12,16,3,1.8,0,0.4,0.09,2.110663491845,0.079383999268,26.58802165811035
12,16,3,1.8,0,0.4,0.12,2.110613122761,0.079380826987,26.58844966564344
12,16,3,1.8,0,0.4,0.15,2.110575780839,0.07937963668100001,26.588377940310966
12,16,3,1.8,0,0.5,0.09,2.11066455914,0.079384012899,26.588030537400407
12,16,3,1.8,0,0.5,0.12,2.110615076367,0.07938084900799999,26.588466900301007
12,16,3,1.8,0,0.5,0.15,2.110576752889,0.079379647163,26.588386674925538
12,16,3,1.8,0.02,0.3,0.09,2.448626205514,0.10286047325599999,23.805317319703935
12,16,3,1.8,0.02,0.3,0.12,2.449971103682,0.102983747003,23.78988117038148
12,16,3,1.8,0.02,0.3,0.15,2.452760510336,0.10305562871,23.80035463407926
12,16,3,1.8,0.02,0.4,0.09,2.469170654586,0.10447010955700001,23.63518775902876
12,16,3,1.8,0.02,0.4,0.12,2.470164917112,0.104296868614,23.683979681633744
12,16,3,1.8,0.02,0.4,0.15,2.472841276624,0.10437514720499999,23.691859056899524
12,16,3,1.8,0.02,0.5,0.09,2.494893599746,0.10639911452199999,23.44844325964888
12,16,3,1.8,0.02,0.5,0.12,2.497187774758,0.106586458855,23.42875259750555
12,16,3,1.8,0.02,0.5,0.15,2.501539212841,0.10675609021100001,23.43228576371416
12,16,3,1.8,0.04,0.3,0.09,2.775056362294,0.129386658379,21.44777828766001
12,16,3,1.8,0.04,0.3,0.12,2.778681310462,0.12928296578,21.49301954590417
12,16,3,1.8,0.04,0.3,0.15,2.786917197856,0.129377603393,21.54095550363848
12,16,3,1.8,0.04,0.4,0.09,2.833087514792,0.133029637001,21.296664252122277
12,16,3,1.8,0.04,0.4,0.12,2.834495709899,0.133564272079,21.22196052715703
12,16,3,1.8,0.04,0.4,0.15,2.83672509888,0.133397798389,21.265156795225764
12,16,3,1.8,0.04,0.5,0.09,2.895011280938,0.138175034752,20.951768068190024
12,16,3,1.8,0.04,0.5,0.12,2.897139870576,0.1385054214,20.917158630268606
12,16,3,1.8,0.04,0.5,0.15,2.897407941646,0.138738377393,20.8839687769924
12,16,3,1.8,0.06,0.3,0.09,3.123424212924,0.159519859125,19.580159047636073
12,16,3,1.8,0.06,0.3,0.12,3.124135701751,0.159856292153,19.54340151190833
12,16,3,1.8,0.06,0.3,0.15,3.136227595182,0.160070772526,19.592756039661072
12,16,3,1.8,0.06,0.4,0.09,3.19583701688,0.165606554378,19.29776891309171
12,16,3,1.8,0.06,0.4,0.12,3.203739610459,0.165877749576,19.31385986757161
12,16,3,1.8,0.06,0.4,0.15,3.20539970783,0.167070245297,19.185940034575133
12,16,3,1.8,0.06,0.5,0.09,3.277091711916,0.174338687247,18.797271928938375
12,16,3,1.8,0.06,0.5,0.12,3.27976401728,0.174235326085,18.823760318731118
12,16,3,1.8,0.06,0.5,0.15,3.283752432095,0.174990519631,18.765316195525344
16,2,1,0.2,0,0.3,0.09,2.461757526305,0.177086209676,13.901463760555236
16,2,1,0.2,0,0.3,0.12,2.461628423036,0.17713205983299998,13.897136550869572
16,2,1,0.2,0,0.3,0.15,2.461456726028,0.177187494423,13.891819702307886
16,2,1,0.2,0,0.4,0.09,2.461754884586,0.17708616780699998,13.901452129615118
16,2,1,0.2,0,0.4,0.12,2.461629781157,0.177132078742,13.897142734617047
16,2,1,0.2,0,0.4,0.15,2.461457679552,0.177187507809,13.891824034261706
16,2,1,0.2,0,0.5,0.09,2.461754525635,0.177086161189,13.901450622150117
16,2,1,0.2,0,0.5,0.12,2.461630177969,0.17713208533699998,13.897144457401168
16,2,1,0.2,0,0.5,0.15,2.461450953117,0.177187406227,13.891794036217016
16,2,1,0.2,0.02,0.3,0.09,2.718811751294,0.21727710638499997,12.513107324231639
16,2,1,0.2,0.02,0.3,0.12,2.712254417617,0.217244939286,12.484776062131205
16,2,1,0.2,0.02,0.3,0.15,2.718641885308,0.21776446873400002,12.484322631295878
16,2,1,0.2,0.02,0.4,0.09,2.738931916122,0.22024932617200002,12.43559725573497
16,2,1,0.2,0.02,0.4,0.12,2.74323425121,0.220582925061,12.436294651779534
16,2,1,0.2,0.02,0.4,0.15,2.74300162908,0.220838827026,12.420830458210405
16,2,1,0.2,0.02,0.5,0.09,2.762861096274,0.22410948174099998,12.32817583089589
16,2,1,0.2,0.02,0.5,0.12,2.766170358297,0.224579682817,12.317099764322979
16,2,1,0.2,0.02,0.5,0.15,2.768458337685,0.224884387384,12.310584873807782
16,2,1,0.2,0.04,0.3,0.09,2.987003910787,0.261618261476,11.41741365428735
16,2,1,0.2,0.04,0.3,0.12,2.992000889204,0.262250124965,11.40895886933634
16,2,1,0.2,0.04,0.3,0.15,2.999118322885,0.262518847579,11.424392383798168
16,2,1,0.2,0.04,0.4,0.09,3.031728048566,0.268365300886,11.29701954223158
16,2,1,0.2,0.04,0.4,0.12,3.033345494236,0.26864613806,11.29123059851516
16,2,1,0.2,0.04,0.4,0.15,3.032153849496,0.269157408416,11.265355344815967
16,2,1,0.2,0.04,0.5,0.09,3.07924859035,0.281618977223,10.934094785493441
16,2,1,0.2,0.04,0.5,0.12,3.093689223687,0.28260401681999997,10.94708156840345
16,2,1,0.2,0.04,0.5,0.15,3.097172884403,0.282515690178,10.962834957773905
16,2,1,0.2,0.06,0.3,0.09,3.267830599492,0.314837421447,10.379422447538085
16,2,1,0.2,0.06,0.3,0.12,3.270498213343,0.315393578188,10.369577694424454
16,2,1,0.2,0.06,0.3,0.15,3.280418755964,0.31715981878099997,10.343109567196283
16,2,1,0.2,0.06,0.4,0.09,3.333547564498,0.326182888916,10.2198725861321
16,2,1,0.2,0.06,0.4,0.12,3.339969823439,0.327087976996,10.211227737911763
16,2,1,0.2,0.06,0.4,0.15,3.341624482635,0.326925277021,10.22137080706779
16,2,1,0.2,0.06,0.5,0.09,3.40432810909,0.339878344592,10.016313670047605
16,2,1,0.2,0.06,0.5,0.12,3.405078688583,0.341113279732,9.982251911324717
16,2,1,0.2,0.06,0.5,0.15,3.411519561589,0.34157313348499996,9.987669483199607
16,6,1.5,0.6,0,0.3,0.09,2.809970696146,0.146342787802,19.201292652343454
16,6,1.5,0.6,0,0.3,0.12,2.808466581642,0.146340608671,19.191300399439626
16,6,1.5,0.6,0,0.3,0.15,2.808349112648,0.14635078699600002,19.189163039654556
16,6,1.5,0.6,0,0.4,0.09,2.809973071724,0.14634281886599998,19.201304809475996
16,6,1.5,0.6,0,0.4,0.12,2.808463908445,0.146340568404,19.19128741315067
16,6,1.5,0.6,0,0.4,0.15,2.808347807134,0.146350765928,19.189156881595135
16,6,1.5,0.6,0,0.5,0.09,2.809969554006,0.146342769646,19.201287229996097
16,6,1.5,0.6,0,0.5,0.12,2.808465139594,0.146340587854,19.191293275355218
16,6,1.5,0.6,0,0.5,0.15,2.808350388938,0.14635080640700002,19.189169215289514
16,6,1.5,0.6,0.02,0.3,0.09,3.114694861825,0.178809742247,17.419044525675204
16,6,1.5,0.6,0.02,0.3,0.12,3.120539711228,0.179094180455,17.42401513717572
16,6,1.5,0.6,0.02,0.3,0.15,3.124056515002,0.179298900065,17.423734969202027
16,6,1.5,0.6,0.02,0.4,0.09,3.142795607941,0.181206757004,17.343699870262704
16,6,1.5,0.6,0.02,0.4,0.12,3.148962672711,0.181504310429,17.349244573135337
16,6,1.5,0.6,0.02,0.4,0.15,3.150738266074,0.181896226368,17.321625241964295
16,6,1.5,0.6,0.02,0.5,0.09,3.161395048312,0.184140003628,17.168431552215324
16,6,1.5,0.6,0.02,0.5,0.12,3.168259541442,0.184509250322,17.17127751542456
16,6,1.5,0.6,0.02,0.5,0.15,3.177493796928,0.1850080358,17.174896123771507
16,6,1.5,0.6,0.04,0.3,0.09,3.447197566967,0.2151279479,16.02394110396755
16,6,1.5,0.6,0.04,0.3,0.12,3.449391819083,0.215560844579,16.001940546391054
16,6,1.5,0.6,0.04,0.3,0.15,3.454869925831,0.215681496957,16.018388107347892
16,6,1.5,0.6,0.04,0.4,0.09,3.481665013456,0.219993453292,15.82622101410783
16,6,1.5,0.6,0.04,0.4,0.12,3.483946734204,0.220355717135,15.810557490866346
16,6,1.5,0.6,0.04,0.4,0.15,3.488926089111,0.221231146388,15.770501333442649
16,6,1.5,0.6,0.04,0.5,0.09,3.552359678123,0.227221333656,15.633917911515596
16,6,1.5,0.6,0.04,0.5,0.12,3.559312709938,0.228062669729,15.606730878698492
16,6,1.5,0.6,0.04,0.5,0.15,3.558447838819,0.227391069779,15.649021935106923
16,6,1.5,0.6,0.06,0.3,0.09,3.76152940549,0.254431666167,14.78404579963354
16,6,1.5,0.6,0.06,0.3,0.12,3.769822949824,0.255573650809,14.750436666263898
16,6,1.5,0.6,0.06,0.3,0.15,3.77407802448,0.256042500075,14.740045200990057
16,6,1.5,0.6,0.06,0.4,0.09,3.834055963621,0.26326416065,14.56353175515689
16,6,1.5,0.6,0.06,0.4,0.12,3.84003013865,0.264491919244,14.518515913930369
16,6,1.5,0.6,0.06,0.4,0.15,3.847118682551,0.26351076787399996,14.599474296968898
16,6,1.5,0.6,0.06,0.5,0.09,3.93203650475,0.274269363821,14.336404365294758
16,6,1.5,0.6,0.06,0.5,0.12,3.935313970745,0.275186227754,14.300548406306637
16,6,1.5,0.6,0.06,0.5,0.15,3.942483253755,0.274791222629,14.347194994207689
16,8,2,1.0,0,0.3,0.09,2.748203097597,0.146940556295,18.70282219484502
16,8,2,1.0,0,0.3,0.12,2.748109507962,0.14695343085,18.700546779115907
16,8,2,1.0,0,0.3,0.15,2.748014580826,0.146963499756,18.698619625883047
16,8,2,1.0,0,0.4,0.09,2.748196654211,0.14694046782800002,18.70278960475258
16,8,2,1.0,0,0.4,0.12,2.748115176429,0.146953512065,18.700575017312023
16,8,2,1.0,0,0.4,0.15,2.748022413975,0.146963609632,18.698658945953397
16,8,2,1.0,0,0.5,0.09,2.74819544858,0.146940448606,18.7027838464608
16,8,2,1.0,0,0.5,0.12,2.748122027588,0.146953605423,18.700609758281477
16,8,2,1.0,0,0.5,0.15,2.748015717897,0.14696351658200002,18.698625222156497
16,8,2,1.0,0.02,0.3,0.09,3.053283906303,0.18001959733700001,16.960841772061052
16,8,2,1.0,0.02,0.3,0.12,3.054057322916,0.18023346355099998,16.945007118790706
16,8,2,1.0,0.02,0.3,0.15,3.068840032861,0.18082271323,16.971540676737582
16,8,2,1.0,0.02,0.4,0.09,3.082300914489,0.182819564025,16.859797970350183
16,8,2,1.0,0.02,0.4,0.12,3.08578699898,0.182934130639,16.868295643908326
16,8,2,1.0,0.02,0.4,0.15,3.08423805957,0.183000627621,16.853702086517174
16,8,2,1.0,0.02,0.5,0.09,3.096147291779,0.18566528640899999,16.675962166446837
16,8,2,1.0,0.02,0.5,0.12,3.09748171652,0.18602927004199998,16.650507287485883
16,8,2,1.0,0.02,0.5,0.15,3.099078228851,0.185995628729,16.66210249148613
16,8,2,1.0,0.04,0.3,0.09,3.363442045443,0.218740916659,15.37637355102769
16,8,2,1.0,0.04,0.3,0.12,3.365868796809,0.219387213596,15.342137500352338
16,8,2,1.0,0.04,0.3,0.15,3.370293823068,0.220050631594,15.315992499791108
16,8,2,1.0,0.04,0.4,0.09,3.425918339037,0.22527178237599998,15.207933736320411
16,8,2,1.0,0.04,0.4,0.12,3.426778928051,0.22552937841999998,15.194379340102472
16,8,2,1.0,0.04,0.4,0.15,3.432083792373,0.226028716394,15.184282099759365
16,8,2,1.0,0.04,0.5,0.09,3.485844340388,0.232340073038,15.003198952330013
16,8,2,1.0,0.04,0.5,0.12,3.481725455367,0.232223587816,14.99298795661408
16,8,2,1.0,0.04,0.5,0.15,3.481446742571,0.232837737517,14.952244338471171
16,8,2,1.0,0.06,0.3,0.09,3.70270187729,0.261188026345,14.176384457988696
16,8,2,1.0,0.06,0.3,0.12,3.706757361147,0.261975263113,14.149264770651772
16,8,2,1.0,0.06,0.3,0.15,3.713388525385,0.262487179522,14.146932936485637
16,8,2,1.0,0.06,0.4,0.09,3.771069421312,0.270435950073,13.944408723374458
16,8,2,1.0,0.06,0.4,0.12,3.771399374992,0.270778375152,13.927993226471445
16,8,2,1.0,0.06,0.4,0.15,3.782112549958,0.27098586359099996,13.956862914688264
16,8,2,1.0,0.06,0.5,0.09,3.843707193693,0.281246991058,13.66666067869268
16,8,2,1.0,0.06,0.5,0.12,3.842896279099,0.281727291087,13.640482838108424
16,8,2,1.0,0.06,0.5,0.15,3.84566950914,0.282281942434,13.623505194772248
16,12,2.5,1.4,0,0.3,0.09,2.812216723105,0.138510069066,20.303337815570504
16,12,2.5,1.4,0,0.3,0.12,2.812208209254,0.138510639682,20.303192705704163
16,12,2.5,1.4,0,0.3,0.15,2.812245793742,0.138514682513,20.302871455364038
16,12,2.5,1.4,0,0.4,0.09,2.812217842591,0.138510081528,20.30334407118594
16,12,2.5,1.4,0,0.4,0.12,2.812210400431,0.138510669867,20.303204100675607
16,12,2.5,1.4,0,0.4,0.15,2.812246249861,0.138514694443,20.302872999645995
16,12,2.5,1.4,0,0.5,0.09,2.812222962017,0.138510162705,20.303369132606495
16,12,2.5,1.4,0,0.5,0.12,2.812204817585,0.13851059692700002,20.303174486116262
16,12,2.5,1.4,0,0.5,0.15,2.812248158433,0.138514717477,20.30288340226349
16,12,2.5,1.4,0.02,0.3,0.09,3.123428655393,0.16946790530099998,18.430797559250706
16,12,2.5,1.4,0.02,0.3,0.12,3.123693259108,0.169345140321,18.445721283686815
16,12,2.5,1.4,0.02,0.3,0.15,3.127666286015,0.169726740433,18.42765776350753
16,12,2.5,1.4,0.02,0.4,0.09,3.161250352221,0.172636374584,18.31161225343518
16,12,2.5,1.4,0.02,0.4,0.12,3.162479202107,0.17247383346599998,18.335994153747524
16,12,2.5,1.4,0.02,0.4,0.15,3.163484686377,0.172732031723,18.31440674217328
16,12,2.5,1.4,0.02,0.5,0.09,3.172842920843,0.174681579646,18.16358042601233
16,12,2.5,1.4,0.02,0.5,0.12,3.172821488035,0.175011647163,18.12920191008739
16,12,2.5,1.4,0.02,0.5,0.15,3.17935575674,0.174605432639,18.208802032599856
16,12,2.5,1.4,0.04,0.3,0.09,3.458675065987,0.204319687846,16.92776208915254
16,12,2.5,1.4,0.04,0.3,0.12,3.464341045568,0.204954759776,16.902954824539144
16,12,2.5,1.4,0.04,0.3,0.15,3.456228782958,0.205187251711,16.844266659538835
16,12,2.5,1.4,0.04,0.4,0.09,3.497513748502,0.209661537954,16.681713692615183
16,12,2.5,1.4,0.04,0.4,0.12,3.502641704826,0.21027165838400003,16.65769762670271
16,12,2.5,1.4,0.04,0.4,0.15,3.510982102505,0.210417929787,16.6857553729336
16,12,2.5,1.4,0.04,0.5,0.09,3.572632522203,0.217167938388,16.45101274489242
16,12,2.5,1.4,0.04,0.5,0.12,3.577992525176,0.21739320594599998,16.45862164645921
16,12,2.5,1.4,0.04,0.5,0.15,3.577844937303,0.216627426101,16.516121719670306
16,12,2.5,1.4,0.06,0.3,0.09,3.78578347027,0.24307843691,15.57432867511687
16,12,2.5,1.4,0.06,0.3,0.12,3.791580780806,0.243554302703,15.56770189943886
16,12,2.5,1.4,0.06,0.3,0.15,3.809135533484,0.244955930052,15.550289118027822
16,12,2.5,1.4,0.06,0.4,0.09,3.859227160372,0.251478556798,15.346148035484081
16,12,2.5,1.4,0.06,0.4,0.12,3.861622025935,0.252257308513,15.308266185421513
16,12,2.5,1.4,0.06,0.4,0.15,3.872663797198,0.253180948622,15.29603162590207
16,12,2.5,1.4,0.06,0.5,0.09,3.93904638839,0.262027046549,15.03297632923319
16,12,2.5,1.4,0.06,0.5,0.12,3.943002473384,0.262491918448,15.021424265925024
16,12,2.5,1.4,0.06,0.5,0.15,3.945260105612,0.262041670261,15.055850093164278
16,16,3,1.8,0,0.3,0.09,2.842883256375,0.132986779278,21.377187054302155
16,16,3,1.8,0,0.3,0.12,2.842821015183,0.132981468226,21.37757277842405
16,16,3,1.8,0,0.3,0.15,2.842769634742,0.132978855424,21.377606429818446
16,16,3,1.8,0,0.4,0.09,2.842886304041,0.132986826664,21.377202354213175
16,16,3,1.8,0,0.4,0.12,2.842823206059,0.13298149993299999,21.37758415637738
16,16,3,1.8,0,0.4,0.15,2.842767868266,0.13297882561000002,21.377597938812173
16,16,3,1.8,0,0.5,0.09,2.842884899031,0.132986804217,21.37719539746326
16,16,3,1.8,0,0.5,0.12,2.842820788632,0.132981463908,21.377571768940193
16,16,3,1.8,0,0.5,0.15,2.84276969596,0.132978857997,21.37760647654331
16,16,3,1.8,0.02,0.3,0.09,3.151249443163,0.162587340116,19.381886934829616
16,16,3,1.8,0.02,0.3,0.12,3.157592032971,0.16298446482,19.373576717623017
16,16,3,1.8,0.02,0.3,0.15,3.16305787132,0.162561683959,19.45758554099231
16,16,3,1.8,0.02,0.4,0.09,3.196361344302,0.165700126638,19.290035615271393
16,16,3,1.8,0.02,0.4,0.12,3.197696446919,0.165590900848,19.310822216338114
16,16,3,1.8,0.02,0.4,0.15,3.198090833049,0.165784583337,19.290640713847644
16,16,3,1.8,0.02,0.5,0.09,3.213049103577,0.167406879591,19.193052946372088
16,16,3,1.8,0.02,0.5,0.12,3.211926303763,0.167774804819,19.14427084107243
16,16,3,1.8,0.02,0.5,0.15,3.211822945901,0.16816570577,19.099155390777508
16,16,3,1.8,0.04,0.3,0.09,3.508770554613,0.196683109664,17.839714658809008
16,16,3,1.8,0.04,0.3,0.12,3.508947082628,0.196844425484,17.82599163781357
16,16,3,1.8,0.04,0.3,0.15,3.508474379308,0.197008564088,17.808740424811337
16,16,3,1.8,0.04,0.4,0.09,3.540163640855,0.200909005567,17.620731489183598
16,16,3,1.8,0.04,0.4,0.12,3.538543960363,0.20101928778199998,17.603007151236433
16,16,3,1.8,0.04,0.4,0.15,3.541710115862,0.20185487329500001,17.545824175797737
16,16,3,1.8,0.04,0.5,0.09,3.608205875133,0.208227314314,17.328206373981963
16,16,3,1.8,0.04,0.5,0.12,3.617937120948,0.208580989235,17.345478771662226
16,16,3,1.8,0.04,0.5,0.15,3.619061188636,0.208935460654,17.32143111230513
16,16,3,1.8,0.06,0.3,0.09,3.82654980191,0.23323322188700002,16.406538360834112
16,16,3,1.8,0.06,0.3,0.12,3.833272907019,0.233787383268,16.39640622789624
16,16,3,1.8,0.06,0.3,0.15,3.837748224883,0.234361880961,16.37530902698992
16,16,3,1.8,0.06,0.4,0.09,3.898208179516,0.240867459604,16.184038250433993
16,16,3,1.8,0.06,0.4,0.12,3.906968621936,0.241693907441,16.164944591703172
16,16,3,1.8,0.06,0.4,0.15,3.911623762546,0.242639155948,16.121156320640598
16,16,3,1.8,0.06,0.5,0.09,3.996482252331,0.253060393753,15.79260267899438
16,16,3,1.8,0.06,0.5,0.12,3.990164073011,0.252343898665,15.81240558666392
16,16,3,1.8,0.06,0.5,0.15,3.994390745117,0.252936789352,15.792051268422636
